MÃ©todo,Ruta,Tiempo Medio,N. de Peticiones
POST,/api/v1/devices/fMv8bj/access/,48.0 ms,1 pet
PATCH,/api/v1/devices/aBHfsU/,96.5 ms,2 pet
POST,/api/v1/devices/aBHfsU/access/,56.0 ms,1 pet
PATCH,/api/v1/devices/JI9ux9/,81.0 ms,1 pet
POST,/api/v1/devices/links/,50.30348258706468 ms,201 pet
PATCH,/api/v1/pushes/all_read/,67.0952380952381 ms,588 pet
PATCH,/api/v1/devices/0v4abq/,80.0 ms,1 pet
POST,/api/v1/devices/r3np55/access/,46.5 ms,2 pet
PATCH,/api/v1/devices/KK02Gq/,75.8 ms,5 pet
POST,/api/v1/devices/z7pUax/access/,49.0 ms,1 pet
POST,/api/v1/devices/DZZyxv/access/,57.0 ms,1 pet
PATCH,/api/v1/devices/jNQE5c/,110.0 ms,1 pet
POST,/api/v1/devices/83Eb57/access/,46.333333333333336 ms,3 pet
PATCH,/api/v1/devices/83Eb57/,81.3 ms,10 pet
POST,/api/v1/devices/3ZIhxk/access/,55.0 ms,1 pet
PATCH,/api/v1/devices/3ZIhxk/,100.0 ms,1 pet
PATCH,/api/v1/devices/OpDEE6/,107.66666666666667 ms,3 pet
PATCH,/api/v1/devices/56Z7Sh/,83.66666666666667 ms,3 pet
POST,/api/v1/devices/McSIOW/access/,51.0 ms,1 pet
GET,/messenger/page/544540149253287/feed/,374.0 ms,13 pet
PATCH,/api/v1/devices/jUvTuu/,57.0 ms,1 pet
PATCH,/api/v1/devices/pouxAx/,101.0 ms,1 pet
POST,/api/v1/devices/7Szr68/access/,59.0 ms,1 pet
POST,/api/v1/devices/mKKGu3/access/,50.0 ms,1 pet
PATCH,/api/v1/devices/d2F2I2/,99.0 ms,4 pet
POST,/api/v1/devices/sv08QO/access/,47.0 ms,1 pet
PATCH,/api/v1/devices/sv08QO/,85.0 ms,1 pet
PATCH,/api/v1/devices/mQ0OEF/,66.0 ms,1 pet
POST,/api/v1/devices/NIBuqy/access/,47.0 ms,1 pet
POST,/api/v1/devices/YH4EVF/access/,49.0 ms,1 pet
PATCH,/api/v1/devices/UIbaHp/,55.0 ms,1 pet
POST,/api/v1/devices/wE9OHe/access/,49.0 ms,1 pet
POST,/api/v1/devices/szirgY/access/,68.0 ms,1 pet
PATCH,/api/v1/devices/LW5bUn/,67.0 ms,1 pet
PATCH,/api/v1/devices/tiXbM8/,81.0 ms,1 pet
PATCH,/api/v1/devices/jHtDRY/,89.0 ms,1 pet
PATCH,/api/v1/devices/nzU29m/,91.5 ms,2 pet
PATCH,/api/v1/devices/eW34gG/,86.4 ms,5 pet
POST,/api/v1/devices/8UrfiV/access/,46.0 ms,1 pet
PATCH,/api/v1/devices/8UrfiV/,99.0 ms,1 pet
POST,/api/v1/devices/753TAe/access/,45.0 ms,1 pet
POST,/api/v1/devices/haXV72/access/,74.0 ms,1 pet
PATCH,/api/v1/devices/753TAe/,116.0 ms,1 pet
POST,/api/v1/devices/QYwBFb/access/,47.0 ms,1 pet
PATCH,/api/v1/devices/haXV72/,89.0 ms,1 pet
PATCH,/api/v1/devices/9AG1fC/,149.66666666666666 ms,3 pet
POST,/api/v1/devices/EhPzpR/access/,46.0 ms,1 pet
PATCH,/api/v1/devices/gDQ3V3/,97.0 ms,1 pet
POST,/api/v1/devices/ulPDdn/access/,47.0 ms,1 pet
POST,/api/v1/devices/SB4dMr/access/,87.0 ms,1 pet
POST,/messenger/el-pais-internacional-fb/webhook/,138.5 ms,6 pet
POST,/api/v1/devices/twwz10/access/,59.0 ms,1 pet
POST,/api/v1/devices/ljnTMv/access/,47.0 ms,1 pet
PATCH,/api/v1/devices/hgb89o/,62.0 ms,1 pet
PATCH,/api/v1/devices/h7K22L/,92.0 ms,1 pet
POST,/api/v1/devices/H79cw4/access/,65.0 ms,1 pet
POST,/api/v1/devices/MxjQku/access/,44.0 ms,1 pet
POST,/api/v1/devices/9BQFKI/access/,42.0 ms,1 pet
PATCH,/api/v1/devices/9BQFKI/,94.0 ms,1 pet
POST,/api/v1/devices/qqSUDN/access/,48.0 ms,1 pet
PATCH,/api/v1/devices/GUGSdF/,85.0 ms,1 pet
PATCH,/api/v1/devices/ZWzF4C/,85.0 ms,1 pet
PATCH,/api/v1/devices/gaVJPb/,101.0 ms,1 pet
PATCH,/api/v1/devices/S0bJIh/,58.0 ms,1 pet
PATCH,/api/v1/devices/ZvFdwB/,74.0 ms,1 pet
PATCH,/api/v1/devices/Jas679/,59.0 ms,1 pet
PATCH,/api/v1/devices/EnHQiL/,92.0 ms,2 pet
POST,/api/v1/devices/CjcEQc/access/,56.0 ms,1 pet
POST,/api/v1/devices/BcNQlW/access/,51.0 ms,1 pet
PATCH,/api/v1/devices/BcNQlW/,97.0 ms,1 pet
POST,/api/v1/devices/NdggF7/access/,46.0 ms,1 pet
POST,/api/v1/devices/McAGFK/access/,81.0 ms,1 pet
POST,/api/v1/devices/b3b4Zi/access/,53.0 ms,1 pet
PATCH,/api/v1/devices/ZglQ13/,96.0 ms,1 pet
POST,/api/v1/devices/myWt8f/access/,44.0 ms,1 pet
POST,/api/v1/devices/8kRWbq/access/,69.0 ms,1 pet
POST,/api/v1/devices/13LM3B/access/,69.0 ms,1 pet
POST,/api/v1/devices/bXOnlg/access/,44.0 ms,1 pet
POST,/api/v1/devices/bHhpoM/access/,46.5 ms,2 pet
PATCH,/api/v1/devices/bHhpoM/,146.0 ms,1 pet
POST,/api/v1/devices/bk6mtk/access/,66.0 ms,1 pet
POST,/api/v1/devices/1gznEC/access/,46.0 ms,1 pet
POST,/api/v1/devices/h2KKNg/access/,48.0 ms,1 pet
PATCH,/api/v1/devices/229Hia/,90.0 ms,1 pet
POST,/api/v1/devices/kylIL3/access/,47.0 ms,1 pet
POST,/api/v1/devices/Ea1Nt4/access/,48.0 ms,1 pet
PATCH,/api/v1/devices/Ea1Nt4/,58.0 ms,1 pet
POST,/api/v1/devices/nmjyO2/access/,59.0 ms,2 pet
PATCH,/api/v1/devices/OPOGIr/,58.0 ms,1 pet
POST,/api/v1/devices/OPOGIr/access/,47.0 ms,1 pet
PATCH,/api/v1/devices/eco7rG/,60.0 ms,1 pet
PATCH,/api/v1/devices/DoR5v3/,69.0 ms,1 pet
POST,/api/v1/devices/links/?retries=0,51.666666666666664 ms,9 pet
POST,/api/v1/devices/D3HC9K/access/,85.0 ms,1 pet
PATCH,/api/v1/devices/D3HC9K/,99.0 ms,2 pet
POST,/api/v1/devices/iVJ6jp/access/,45.0 ms,1 pet
PATCH,/api/v1/devices/iVJ6jp/,54.0 ms,1 pet
POST,/api/v1/devices/,111.52 ms,25 pet
POST,/api/v1/devices/8CY2wD/access/,75.0 ms,1 pet
POST,/api/v1/devices/ct8gYX/access/,70.0 ms,1 pet
PATCH,/api/v1/devices/PukeDE/,88.5 ms,2 pet
PATCH,/api/v1/devices/ljnTMv/,85.0 ms,1 pet
PATCH,/api/v1/devices/gEFg1F/,93.0 ms,1 pet
POST,/api/v1/devices/vVZhf9/access/,45.0 ms,1 pet
PATCH,/api/v1/devices/xVPNea/,126.0 ms,1 pet
POST,/api/v1/devices/xVPNea/access/,46.0 ms,1 pet
POST,/api/v1/devices/RGa2Lz/access/,43.0 ms,1 pet
PATCH,/api/v1/devices/RGa2Lz/,78.0 ms,1 pet
POST,/api/v1/devices/Nbb42J/access/,47.0 ms,1 pet
PATCH,/api/v1/devices/BIhoky/,59.0 ms,2 pet
POST,/api/v1/devices/9l9OCp/access/,44.0 ms,1 pet
PATCH,/api/v1/devices/LEOYn2/,69.0 ms,1 pet
POST,/api/v1/devices/9aT6AG/access/,47.0 ms,1 pet
POST,/api/v1/devices/M3GoOT/access/,69.0 ms,1 pet
POST,/api/v1/devices/SmPnm7/access/,49.0 ms,1 pet
PATCH,/api/v1/devices/pHlfGI/,122.0 ms,2 pet
PATCH,/api/v1/devices/a3KSEC/,94.0 ms,2 pet
POST,/api/v1/devices/OYVnz0/access/,60.0 ms,1 pet
POST,/api/v1/devices/C5ubhi/access/,46.0 ms,1 pet
POST,/api/v1/devices/N1SANg/access/,45.0 ms,1 pet
PATCH,/api/v1/devices/x8eN9s/,97.0 ms,1 pet
POST,/api/v1/devices/qu9JVS/access/,47.0 ms,1 pet
POST,/api/v1/devices/b8bE6I/access/,45.0 ms,1 pet
PATCH,/api/v1/devices/b8bE6I/,88.8 ms,5 pet
PATCH,/api/v1/devices/IuVMkw/,116.0 ms,1 pet
PATCH,/api/v1/devices/JS2OVi/,99.25 ms,4 pet
POST,/api/v1/devices/JS2OVi/access/,51.0 ms,1 pet
PATCH,/api/v1/devices/1zM4mf/,90.0 ms,1 pet
POST,/api/v1/devices/htDoge/access/,46.0 ms,1 pet
PATCH,/api/v1/devices/htDoge/,88.0 ms,1 pet
PATCH,/api/v1/devices/h8rh82/,80.5 ms,2 pet
POST,/api/v1/devices/6vUYoA/access/,46.0 ms,1 pet
OPTIONS,/api/v1/devices/wYZGgd/access/,15.0 ms,1 pet
PATCH,/api/v1/devices/z9ofwb/,90.0 ms,1 pet
POST,/api/v1/devices/C3h9wS/access/,50.0 ms,1 pet
POST,/api/v1/devices/BqPx5T/access/,45.0 ms,1 pet
POST,/api/v1/devices/rB3S2g/access/,45.0 ms,1 pet
PATCH,/api/v1/devices/zqU6g0/,87.0 ms,1 pet
PATCH,/api/v1/devices/NKytE9/,58.0 ms,1 pet
PATCH,/api/v1/devices/Rsos1F/,83.0 ms,1 pet
PATCH,/api/v1/devices/Kig8Sh/,88.0 ms,1 pet
POST,/api/v1/devices/9AKbmA/access/,44.0 ms,1 pet
PATCH,/api/v1/devices/hHXPLs/,61.0 ms,1 pet
POST,/api/v1/devices/xUhP9q/access/,66.5 ms,2 pet
POST,/api/v1/devices/VOwqfJ/access/,46.0 ms,1 pet
PATCH,/api/v1/devices/Zpgt9N/,58.0 ms,1 pet
POST,/api/v1/devices/dL9uY3/access/,46.0 ms,1 pet
POST,/api/v1/devices/3zCi6D/access/,48.0 ms,1 pet
PATCH,/api/v1/devices/iet8vU/,85.0 ms,1 pet
POST,/api/v1/devices/f577v3/access/,64.0 ms,1 pet
POST,/api/v1/devices/WVDkCs/access/,53.0 ms,1 pet
PATCH,/api/v1/devices/Dgy82s/,72.0 ms,1 pet
POST,/api/v1/devices/IzpAzK/access/,46.0 ms,1 pet
PATCH,/api/v1/devices/IzpAzK/,84.0 ms,1 pet
POST,/api/v1/devices/2c84e0/access/,45.0 ms,1 pet
PATCH,/api/v1/devices/2c84e0/,59.0 ms,1 pet
PATCH,/api/v1/devices/LNjcWd/,90.0 ms,1 pet
PATCH,/api/v1/devices/DZsJED/,83.0 ms,1 pet
POST,/api/v1/devices/h0N1gr/access/,48.0 ms,1 pet
PATCH,/api/v1/devices/h0N1gr/,56.0 ms,1 pet
PATCH,/api/v1/devices/xNqtsz/,94.0 ms,1 pet
PATCH,/api/v1/devices/gcW8Ut/,57.0 ms,1 pet
PATCH,/api/v1/devices/mul6GN/,60.0 ms,1 pet
PATCH,/api/v1/devices/aL5xES/,84.0 ms,1 pet
POST,/api/v1/devices/mzdhKE/access/,48.0 ms,1 pet
POST,/api/v1/devices/ntA68V/access/,48.0 ms,1 pet
POST,/api/v1/devices/0FHMhL/access/,48.0 ms,1 pet
PATCH,/api/v1/devices/lUgQxF/,87.0 ms,1 pet
POST,/api/v1/devices/kH10uJ/access/,45.0 ms,1 pet
PATCH,/api/v1/devices/jdRv5T/,89.0 ms,1 pet
PATCH,/api/v1/devices/Wucio4/,91.25 ms,4 pet
PATCH,/api/v1/devices/JyiBSe/,77.0 ms,1 pet
PATCH,/api/v1/devices/OFFgDh/,81.0 ms,1 pet
POST,/api/v1/devices/V6JTR2/access/,55.0 ms,1 pet
POST,/api/v1/devices/RDjVFu/access/,44.0 ms,1 pet
PATCH,/api/v1/devices/t08Dd2/,60.0 ms,1 pet
PATCH,/api/v1/devices/UbbEW8/,63.0 ms,1 pet
PATCH,/api/v1/devices/FeqXCj/,86.0 ms,2 pet
POST,/api/v1/devices/Ni8Ami/access/,42.0 ms,1 pet
PATCH,/api/v1/devices/5XCEax/,87.0 ms,1 pet
PATCH,/api/v1/devices/7RaLCW/,57.0 ms,1 pet
PATCH,/api/v1/devices/nNOLSi/,82.0 ms,3 pet
PATCH,/api/v1/devices/mEAb8Q/,58.0 ms,1 pet
PATCH,/api/v1/devices/Ds9XkN/,57.0 ms,1 pet
POST,/api/v1/devices/AAE06g/access/,91.0 ms,1 pet
PATCH,/api/v1/devices/vXXdZe/,82.0 ms,1 pet
GET,/users/sign-in/?next=/app/feeds,29.0 ms,1 pet
PATCH,/api/v1/devices/Z2onAy/,95.0 ms,2 pet
PATCH,/api/v1/devices/1g1RCF/,109.0 ms,1 pet
POST,/api/v1/devices/UEAc5j/access/,45.0 ms,1 pet
PATCH,/api/v1/devices/VRjqsO/,85.0 ms,1 pet
POST,/api/v1/devices/HmxVHf/access/,67.0 ms,1 pet
POST,/api/v1/devices/4VVi69/access/,48.0 ms,1 pet
PATCH,/api/v1/devices/3QpdeE/,91.0 ms,2 pet
PATCH,/api/v1/devices/Tr2wnF/,58.0 ms,1 pet
POST,/api/v1/devices/P6n5l2/access/,73.0 ms,1 pet
POST,/api/v1/devices/CdRUaw/access/,57.0 ms,1 pet
POST,/api/v1/devices/5l6dCz/access/,70.0 ms,1 pet
PATCH,/api/v1/devices/5l6dCz/,72.5 ms,2 pet
POST,/api/v1/devices/I2dCph/access/,85.0 ms,1 pet
PATCH,/api/v1/devices/I2dCph/,124.0 ms,1 pet
POST,/api/v1/devices/ra7pjT/access/,48.0 ms,1 pet
POST,/api/v1/devices/q4VYnM/access/,46.0 ms,1 pet
PATCH,/api/v1/devices/q4VYnM/,64.0 ms,1 pet
PATCH,/api/v1/devices/MK6zpf/,55.0 ms,1 pet
POST,/api/v1/devices/b1Im6A/access/,46.0 ms,1 pet
POST,/api/v1/devices/AyewwN/access/,57.0 ms,2 pet
POST,/api/v1/devices/DzCKxg/access/,58.0 ms,1 pet
PATCH,/api/v1/devices/DITkbH/,57.0 ms,1 pet
PATCH,/api/v1/devices/BqPx5T/,98.0 ms,1 pet
POST,/api/v1/devices/IBmr1E/access/,48.0 ms,1 pet
PATCH,/api/v1/devices/IBmr1E/,86.0 ms,1 pet
PATCH,/api/v1/devices/UEAc5j/,109.0 ms,1 pet
PATCH,/api/v1/devices/nDKl3m/,88.0 ms,1 pet
PATCH,/api/v1/devices/f7dWSW/,61.0 ms,1 pet
POST,/api/v1/devices/WilHH5/access/,46.0 ms,1 pet
PATCH,/api/v1/devices/WilHH5/,104.0 ms,1 pet
POST,/api/v1/devices/bm1Nh0/access/,61.0 ms,1 pet
POST,/api/v1/devices/PjYEnW/access/,50.0 ms,1 pet
POST,/api/v1/devices/upZyUJ/access/,46.0 ms,1 pet
PATCH,/api/v1/devices/WT492T/,87.0 ms,1 pet
POST,/api/v1/devices/wpDrDu/access/,44.0 ms,1 pet
POST,/api/v1/devices/O3Cxby/access/,52.0 ms,1 pet
POST,/api/v1/devices/SihfdL/access/,76.0 ms,1 pet
POST,/api/v1/devices/f9M8IA/access/,46.0 ms,1 pet
PATCH,/api/v1/devices/ztV2Ba/,87.66666666666667 ms,3 pet
POST,/api/v1/devices/ztV2Ba/access/,46.0 ms,1 pet
PATCH,/api/v1/devices/8WTTaI/,56.0 ms,1 pet
PATCH,/api/v1/devices/3VyF4t/,92.0 ms,1 pet
POST,/api/v1/devices/JVIVT6/access/,58.0 ms,1 pet
POST,/api/v1/devices/rtSZ66/access/,48.0 ms,1 pet
POST,/api/v1/devices/GOTCAj/access/,51.0 ms,1 pet
POST,/api/v1/devices/WPCGk2/access/,45.0 ms,1 pet
PATCH,/api/v1/devices/WPCGk2/,90.0 ms,2 pet
PATCH,/api/v1/devices/iNvazz/,88.0 ms,1 pet
POST,/api/v1/devices/4xq8ot/access/,64.0 ms,1 pet
PATCH,/api/v1/devices/4xq8ot/,103.0 ms,1 pet
POST,/api/v1/devices/tJv0n7/access/,46.0 ms,1 pet
POST,/api/v1/devices/pk7Gxz/access/,69.0 ms,1 pet
PATCH,/api/v1/devices/DSx394/,118.0 ms,1 pet
PATCH,/api/v1/devices/xfz9p1/,113.75 ms,4 pet
PATCH,/api/v1/devices/r2uZzt/,92.0 ms,1 pet
POST,/api/v1/devices/r2uZzt/access/,49.0 ms,1 pet
PATCH,/api/v1/devices/6SVBgW/,90.0 ms,1 pet
PATCH,/api/v1/devices/rvIEwd/,93.0 ms,1 pet
PATCH,/api/v1/devices/mFzPde/,62.0 ms,1 pet
PATCH,/api/v1/devices/QnuZ8P/,86.0 ms,1 pet
POST,/api/v1/devices/EqgSNr/access/,76.0 ms,1 pet
POST,/api/v1/devices/ECkCqL/access/,51.0 ms,1 pet
POST,/api/v1/devices/ZNqNOD/access/,47.0 ms,1 pet
PATCH,/api/v1/devices/9nPzqG/,89.0 ms,1 pet
PATCH,/api/v1/devices/eg81A3/,111.0 ms,1 pet
PATCH,/api/v1/devices/rD67oo/,63.0 ms,1 pet
PATCH,/api/v1/devices/SCadem/,104.0 ms,1 pet
POST,/api/v1/devices/SCadem/access/,56.0 ms,1 pet
POST,/api/v1/devices/PjDgkn/access/,46.0 ms,1 pet
POST,/api/v1/devices/uFc0DP/access/,107.0 ms,1 pet
PATCH,/api/v1/devices/uFc0DP/,150.25 ms,4 pet
PATCH,/api/v1/devices/1DQEJE/,111.0 ms,2 pet
PATCH,/api/v1/devices/PjDgkn/,82.0 ms,1 pet
POST,/api/v1/devices/m4KBCF/access/,47.0 ms,1 pet
POST,/api/v1/devices/sYR6aX/access/,46.0 ms,1 pet
POST,/api/v1/devices/O0SjWb/access/,73.0 ms,1 pet
PATCH,/api/v1/devices/DnF8Km/,102.0 ms,1 pet
PATCH,/api/v1/devices/lqWDTg/,78.5 ms,2 pet
POST,/api/v1/devices/lqWDTg/access/,46.0 ms,1 pet
POST,/api/v1/devices/J4Qby7/access/,70.0 ms,1 pet
PATCH,/api/v1/devices/fPpTxD/,86.0 ms,2 pet
PATCH,/api/v1/devices/L9qvy2/,57.0 ms,1 pet
PATCH,/api/v1/devices/n9pCMW/,82.0 ms,1 pet
POST,/api/v1/devices/Tuum5S/access/,71.0 ms,1 pet
PATCH,/api/v1/devices/Tuum5S/,87.0 ms,1 pet
POST,/api/v1/devices/2D8XW7/access/,46.0 ms,1 pet
POST,/api/v1/devices/efr7b2/access/,45.0 ms,1 pet
POST,/api/v1/devices/oZx9Qv/access/,46.0 ms,1 pet
PATCH,/api/v1/devices/o76qqK/,98.0 ms,2 pet
POST,/api/v1/devices/e9Ig9P/access/,46.0 ms,1 pet
PATCH,/api/v1/devices/UzJG2V/,59.0 ms,1 pet
POST,/api/v1/devices/IMKe8k/access/,46.0 ms,1 pet
PATCH,/api/v1/devices/IMKe8k/,101.33333333333333 ms,3 pet
PATCH,/api/v1/devices/uMwVnt/,95.0 ms,1 pet
POST,/api/v1/devices/MP6aAV/access/,53.0 ms,1 pet
PATCH,/api/v1/devices/MP6aAV/,92.5 ms,2 pet
PATCH,/api/v1/devices/UydoBx/,63.0 ms,1 pet
POST,/api/v1/devices/UydoBx/access/,58.0 ms,1 pet
POST,/api/v1/devices/splpkr/access/,48.0 ms,1 pet
POST,/api/v1/devices/t0zcNs/access/,63.0 ms,1 pet
POST,/api/v1/devices/rjGlaU/access/,84.0 ms,1 pet
POST,/api/v1/devices/UC4ovi/access/,46.0 ms,1 pet
PATCH,/api/v1/devices/UC4ovi/,57.0 ms,1 pet
PATCH,/api/v1/devices/DYvorf/,81.0 ms,1 pet
POST,/api/v1/devices/sUzG2F/access/,67.0 ms,1 pet
PATCH,/api/v1/devices/6glTEo/,83.0 ms,1 pet
POST,/api/v1/devices/hLWnai/access/,68.0 ms,1 pet
PATCH,/api/v1/devices/orjVjq/,84.0 ms,1 pet
POST,/api/v1/devices/JGz0L7/access/,44.0 ms,1 pet
PATCH,/api/v1/devices/jWK53b/,106.0 ms,2 pet
POST,/api/v1/devices/Y48pbn/access/,55.0 ms,1 pet
POST,/api/v1/devices/15HRmX/access/,67.0 ms,1 pet
PATCH,/api/v1/devices/15HRmX/,126.0 ms,1 pet
POST,/api/v1/devices/SzzyVo/access/,46.0 ms,1 pet
PATCH,/api/v1/devices/SzzyVo/,95.0 ms,1 pet
POST,/api/v1/devices/qVavS3/access/,61.0 ms,1 pet
PATCH,/api/v1/devices/qVavS3/,86.0 ms,1 pet
PATCH,/api/v1/devices/vLU7oS/,78.0 ms,1 pet
PATCH,/api/v1/devices/UoWLYL/,84.0 ms,1 pet
PATCH,/api/v1/devices/meKZOj/,60.0 ms,1 pet
POST,/api/v1/devices/8LdiX7/access/,46.0 ms,1 pet
PATCH,/api/v1/devices/8LdiX7/,57.0 ms,1 pet
POST,/api/v1/devices/65dy3D/access/,62.0 ms,1 pet
PATCH,/api/v1/devices/65dy3D/,118.0 ms,1 pet
PATCH,/api/v1/devices/PotU8U/,100.0 ms,1 pet
POST,/api/v1/devices/jlUirp/access/,50.0 ms,1 pet
POST,/api/v1/devices/RFrQq3/access/,74.0 ms,1 pet
PATCH,/api/v1/devices/kBWeGb/,87.0 ms,1 pet
PATCH,/api/v1/devices/xlaw49/,85.0 ms,1 pet
PATCH,/api/v1/devices/xCGP7o/,89.5 ms,2 pet
PATCH,/api/v1/devices/TRRG09/,98.0 ms,1 pet
PATCH,/api/v1/devices/jGjTc5/,106.0 ms,1 pet
POST,/api/v1/devices/BlqVoO/access/,42.0 ms,1 pet
PATCH,/api/v1/devices/rEmwwN/,56.0 ms,1 pet
POST,/api/v1/devices/q0QzwV/access/,44.0 ms,2 pet
POST,/api/v1/devices/Shb4IP/access/,48.0 ms,1 pet
PATCH,/api/v1/devices/SYYGCj/,89.0 ms,1 pet
PATCH,/api/v1/devices/Shb4IP/,89.0 ms,1 pet
POST,/api/v1/devices/Z2onAy/access/,47.0 ms,1 pet
PATCH,/api/v1/devices/QxYkGo/,93.0 ms,1 pet
PATCH,/api/v1/devices/kgtV7L/,62.0 ms,1 pet
POST,/api/v1/devices/xbC4CH/access/,45.0 ms,1 pet
POST,/api/v1/devices/drATKI/access/,50.0 ms,1 pet
PATCH,/api/v1/devices/drATKI/,63.0 ms,1 pet
POST,/api/v1/devices/PTY42P/access/,61.0 ms,1 pet
POST,/api/v1/devices/7RHCLo/access/,45.0 ms,1 pet
POST,/api/v1/devices/DbTbUR/access/,71.0 ms,1 pet
PATCH,/api/v1/devices/DbTbUR/,103.33333333333333 ms,3 pet
PATCH,/api/v1/devices/fppytU/,58.0 ms,1 pet
POST,/api/v1/devices/fppytU/access/,47.0 ms,1 pet
POST,/api/v1/devices/links/?retries=2,49.0 ms,1 pet
POST,/api/v1/devices/51MgZE/access/,46.0 ms,1 pet
POST,/api/v1/devices/F14IYH/access/,63.0 ms,1 pet
PATCH,/api/v1/devices/F14IYH/,172.0 ms,1 pet
POST,/api/v1/devices/cPB7xa/access/,48.0 ms,1 pet
POST,/api/v1/devices/Ogdklc/access/,47.0 ms,1 pet
PATCH,/api/v1/devices/MsQN1x/,80.0 ms,1 pet
PATCH,/api/v1/devices/5CbqSs/,87.0 ms,1 pet
POST,/api/v1/devices/5CbqSs/access/,46.0 ms,1 pet
POST,/api/v1/devices/LJcaka/access/,46.0 ms,1 pet
PATCH,/api/v1/devices/Vnlu2o/,61.0 ms,1 pet
PATCH,/api/v1/devices/oAEuqE/,96.2 ms,5 pet
POST,/api/v1/devices/oAEuqE/access/,45.0 ms,2 pet
PATCH,/api/v1/devices/mvifpi/,83.0 ms,1 pet
PATCH,/api/v1/devices/tNaWIJ/,80.0 ms,1 pet
POST,/api/v1/devices/t4HWdJ/access/,69.0 ms,1 pet
POST,/api/v1/devices/3J4XkF/access/,46.0 ms,1 pet
PATCH,/api/v1/devices/3J4XkF/,81.0 ms,1 pet
PATCH,/api/v1/devices/Fir35t/,102.0 ms,1 pet
PATCH,/api/v1/devices/fpsYYE/,97.0 ms,2 pet
PATCH,/api/v1/devices/ZdAHI8/,95.0 ms,1 pet
POST,/api/v1/devices/iG9eCw/access/,47.0 ms,1 pet
PATCH,/api/v1/devices/iG9eCw/,88.0 ms,1 pet
PATCH,/api/v1/devices/n2L3LP/,102.0 ms,1 pet
PATCH,/api/v1/devices/8jBUbw/,96.0 ms,1 pet
POST,/api/v1/devices/yrlupH/access/,78.0 ms,1 pet
POST,/api/v1/devices/CdquvC/access/,49.0 ms,1 pet
PATCH,/api/v1/devices/mtWkSj/,57.0 ms,1 pet
POST,/api/v1/devices/mtWkSj/access/,72.0 ms,1 pet
POST,/api/v1/devices/UZd5e0/access/,46.0 ms,1 pet
PATCH,/api/v1/devices/dZtgPB/,57.0 ms,1 pet
POST,/api/v1/devices/dZtgPB/access/,42.0 ms,1 pet
POST,/api/v1/devices/SL5d9r/access/,63.0 ms,1 pet
PATCH,/api/v1/devices/SL5d9r/,93.0 ms,1 pet
PATCH,/api/v1/devices/4zaePH/,57.0 ms,1 pet
PATCH,/api/v1/devices/EuqFLW/,66.0 ms,1 pet
POST,/api/v1/devices/4eCywg/access/,47.0 ms,1 pet
POST,/api/v1/devices/R5p7vi/access/,58.0 ms,1 pet
POST,/api/v1/devices/3N6nJP/access/,50.0 ms,1 pet
PATCH,/api/v1/devices/Akil00/,86.0 ms,1 pet
POST,/api/v1/devices/hSt5kX/access/,76.0 ms,1 pet
POST,/api/v1/devices/QdIgh5/access/,72.0 ms,1 pet
PATCH,/api/v1/devices/4OWmch/,85.0 ms,1 pet
POST,/api/v1/devices/8o4Bd1/access/,48.0 ms,1 pet
POST,/api/v1/devices/Y2N2yI/access/,64.0 ms,1 pet
PATCH,/api/v1/devices/GGFIXW/,59.0 ms,1 pet
PATCH,/api/v1/devices/wTkXKp/,80.0 ms,1 pet
PATCH,/api/v1/devices/eqfQLQ/,60.0 ms,1 pet
PATCH,/api/v1/devices/Vq5NMH/,62.0 ms,1 pet
POST,/api/v1/devices/a1aSMW/access/,70.0 ms,1 pet
PATCH,/api/v1/devices/Jr8NJC/,120.0 ms,2 pet
POST,/api/v1/devices/Jr8NJC/access/,51.0 ms,1 pet
PATCH,/api/v1/devices/RQaxYB/,108.0 ms,1 pet
PATCH,/api/v1/devices/Oq1Ctv/,60.0 ms,1 pet
POST,/api/v1/devices/34Mdst/access/,52.0 ms,1 pet
POST,/api/v1/devices/rnmgdz/access/,51.0 ms,1 pet
POST,/api/v1/devices/EtHK5y/access/,61.0 ms,1 pet
PATCH,/api/v1/devices/kqYreA/,91.0 ms,5 pet
PATCH,/api/v1/devices/dYn7Gr/,94.0 ms,2 pet
PATCH,/api/v1/devices/MUVn8g/,100.0 ms,1 pet
POST,/api/v1/devices/YK21B1/access/,47.0 ms,1 pet
PATCH,/api/v1/devices/YK21B1/,85.0 ms,1 pet
PATCH,/api/v1/devices/rB3S2g/,93.0 ms,1 pet
POST,/api/v1/devices/oQRfYL/access/,54.0 ms,1 pet
PATCH,/api/v1/devices/oQRfYL/,102.5 ms,2 pet
POST,/api/v1/devices/XEbikj/access/,68.0 ms,1 pet
POST,/api/v1/devices/T1VBV6/access/,47.0 ms,1 pet
POST,/api/v1/devices/Q3lxXY/access/,65.0 ms,1 pet
PATCH,/api/v1/pushes/qwGaIs/received/,64.0 ms,1 pet
POST,/api/v1/devices/usxgZ4/access/,57.0 ms,1 pet
POST,/api/v1/devices/dXVPyD/access/,52.0 ms,1 pet
PATCH,/api/v1/devices/Lrktfn/,90.0 ms,1 pet
POST,/api/v1/devices/Lrktfn/access/,46.0 ms,1 pet
PATCH,/api/v1/devices/fFcHR1/,106.0 ms,1 pet
PATCH,/api/v1/devices/KxOkAQ/,102.0 ms,1 pet
PATCH,/api/v1/devices/7rPolL/,89.0 ms,1 pet
POST,/api/v1/devices/7rPolL/access/,50.0 ms,1 pet
POST,/api/v1/devices/DEbq20/access/,46.0 ms,1 pet
PATCH,/api/v1/devices/bBmYGk/,66.0 ms,1 pet
PATCH,/api/v1/devices/F9Q7jA/,95.0 ms,1 pet
POST,/api/v1/devices/z6kOoP/access/,70.0 ms,1 pet
PATCH,/api/v1/devices/z6kOoP/,109.0 ms,1 pet
POST,/api/v1/devices/ILnolO/access/,47.0 ms,1 pet
PATCH,/api/v1/devices/ILnolO/,65.0 ms,1 pet
PATCH,/api/v1/devices/rwSVKI/,55.0 ms,1 pet
PATCH,/api/v1/devices/G1c9mm/,58.0 ms,1 pet
POST,/api/v1/devices/U60GOh/access/,44.0 ms,1 pet
PATCH,/api/v1/devices/U60GOh/,68.0 ms,2 pet
PATCH,/api/v1/devices/RG9wsH/,98.0 ms,1 pet
PATCH,/api/v1/devices/IOzLjd/,84.0 ms,1 pet
PATCH,/api/v1/devices/10f0jC/,91.0 ms,2 pet
POST,/api/v1/devices/K3HFJb/access/,43.0 ms,1 pet
POST,/api/v1/devices/sKzHQT/access/,47.0 ms,1 pet
POST,/api/v1/devices/YhERKh/access/,44.0 ms,1 pet
PATCH,/api/v1/devices/EtHK5y/,70.0 ms,1 pet
PATCH,/api/v1/devices/ExBtEq/,96.0 ms,1 pet
POST,/api/v1/devices/LG9zlq/access/,48.0 ms,1 pet
POST,/api/v1/devices/ZJwsIv/access/,137.0 ms,1 pet
PATCH,/api/v1/devices/ZJwsIv/,171.0 ms,1 pet
POST,/api/v1/devices/gp7T69/access/,47.0 ms,1 pet
OPTIONS,/api/v1/devices/3RLIYN/access/,13.0 ms,1 pet
PATCH,/api/v1/devices/aW6HtN/,86.0 ms,1 pet
POST,/api/v1/devices/p2tkks/access/,46.0 ms,1 pet
PATCH,/api/v1/devices/p2tkks/,90.0 ms,1 pet
PATCH,/api/v1/devices/qshUYT/,93.0 ms,1 pet
PATCH,/api/v1/devices/lDKcHa/,80.0 ms,1 pet
POST,/api/v1/devices/eS9w4p/access/,46.0 ms,1 pet
POST,/api/v1/devices/yrveXs/access/,68.0 ms,1 pet
PATCH,/api/v1/devices/IHLqZW/,75.5 ms,2 pet
PATCH,/api/v1/devices/LdfqYZ/,57.0 ms,1 pet
POST,/api/v1/devices/tFNpIX/access/,46.0 ms,1 pet
POST,/api/v1/devices/ver1AF/access/,49.0 ms,1 pet
PATCH,/api/v1/devices/37S8jB/,64.5 ms,2 pet
PATCH,/api/v1/devices/6x3UmU/,58.0 ms,1 pet
POST,/api/v1/devices/oBtAC6/access/,57.5 ms,2 pet
PATCH,/api/v1/devices/oBtAC6/,55.0 ms,1 pet
PATCH,/api/v1/devices/RJ0STy/,89.0 ms,1 pet
PATCH,/api/v1/devices/caI2Zo/,57.0 ms,1 pet
PATCH,/api/v1/devices/q554e5/,92.0 ms,2 pet
POST,/api/v1/devices/YUOQry/access/,47.0 ms,1 pet
POST,/api/v1/devices/go9UZ3/access/,58.0 ms,1 pet
POST,/api/v1/devices/nxhNlz/access/,46.0 ms,1 pet
POST,/api/v1/devices/tSj2lw/access/,49.0 ms,1 pet
PATCH,/api/v1/devices/tSj2lw/,90.0 ms,1 pet
PATCH,/api/v1/devices/oRlj3g/,93.0 ms,2 pet
POST,/api/v1/devices/VXgjAR/access/,45.0 ms,1 pet
POST,/api/v1/devices/iRMxZE/access/,74.0 ms,1 pet
PATCH,/api/v1/devices/kpPs8q/,93.0 ms,1 pet
POST,/api/v1/devices/rGUOT4/access/,68.0 ms,1 pet
POST,/api/v1/devices/H70ppT/access/,55.0 ms,1 pet
PATCH,/api/v1/devices/H70ppT/,57.0 ms,1 pet
PATCH,/api/v1/devices/PhG7Ba/,62.0 ms,1 pet
POST,/api/v1/devices/VM4OIf/access/,45.0 ms,1 pet
PATCH,/api/v1/devices/25131H/,113.0 ms,1 pet
POST,/api/v1/devices/4LVGDZ/access/,74.0 ms,1 pet
PATCH,/api/v1/devices/wmW1rW/,89.0 ms,1 pet
POST,/api/v1/devices/BOkgdR/access/,50.0 ms,1 pet
PATCH,/api/v1/devices/QfXxvf/,87.0 ms,1 pet
POST,/api/v1/devices/YtseXC/access/,47.0 ms,1 pet
POST,/api/v1/devices/9o1V4e/access/,69.0 ms,1 pet
POST,/api/v1/devices/VlB0k3/access/,48.0 ms,1 pet
POST,/api/v1/devices/6bGoge/access/,63.0 ms,1 pet
PATCH,/api/v1/devices/bntNBW/,108.0 ms,2 pet
POST,/api/v1/devices/WNoC7d/access/,46.0 ms,1 pet
PATCH,/api/v1/devices/LKGHQy/,57.0 ms,1 pet
POST,/api/v1/devices/BQPfcR/access/,56.0 ms,1 pet
PATCH,/api/v1/devices/BQPfcR/,60.5 ms,2 pet
POST,/api/v1/devices/T6ua2t/access/,56.0 ms,1 pet
POST,/api/v1/devices/XDB6Zb/access/,79.0 ms,1 pet
PATCH,/api/v1/devices/negZQz/,57.0 ms,1 pet
PATCH,/api/v1/devices/pqv2fL/,101.0 ms,1 pet
PATCH,/api/v1/devices/zFiD75/,89.0 ms,1 pet
POST,/api/v1/devices/5Cj2lT/access/,44.0 ms,1 pet
PATCH,/api/v1/devices/5Cj2lT/,82.0 ms,1 pet
PATCH,/api/v1/devices/QgTB6e/,82.0 ms,1 pet
POST,/api/v1/devices/PVoKlZ/access/,45.0 ms,1 pet
POST,/api/v1/devices/PXqjoX/access/,54.0 ms,1 pet
PATCH,/api/v1/devices/XdcWD4/,91.0 ms,1 pet
PATCH,/api/v1/devices/igmGa4/,107.0 ms,1 pet
POST,/api/v1/devices/9tTZ6H/access/,47.0 ms,1 pet
PATCH,/api/v1/devices/gS7461/,89.0 ms,1 pet
POST,/api/v1/devices/dJ6VIr/access/,45.0 ms,1 pet
PATCH,/api/v1/devices/aVDzSE/,55.0 ms,1 pet
PATCH,/api/v1/devices/q0QzwV/,103.0 ms,1 pet
POST,/api/v1/devices/6r5IYY/access/,49.0 ms,1 pet
POST,/api/v1/devices/IO7VXb/access/,48.0 ms,1 pet
PATCH,/api/v1/devices/IO7VXb/,99.0 ms,1 pet
POST,/api/v1/devices/links/?retries=5,56.0 ms,1 pet
POST,/api/v1/devices/Ur92Hc/access/,47.0 ms,2 pet
PATCH,/api/v1/devices/LtLBYL/,101.0 ms,1 pet
POST,/api/v1/devices/j06ADy/access/,46.0 ms,1 pet
POST,/api/v1/devices/LKGHQy/access/,78.0 ms,1 pet
PATCH,/api/v1/devices/OxEoyu/,93.33333333333333 ms,3 pet
PATCH,/api/v1/devices/2e6mYG/,76.0 ms,1 pet
PATCH,/api/v1/devices/CxKboM/,92.0 ms,1 pet
POST,/api/v1/devices/yChZpq/access/,45.0 ms,1 pet
PATCH,/api/v1/devices/OdV6Lf/,104.0 ms,1 pet
PATCH,/api/v1/devices/Hzoo7Q/,86.0 ms,2 pet
POST,/api/v1/devices/efPGdt/access/,70.0 ms,1 pet
PATCH,/api/v1/devices/QUht85/,103.0 ms,1 pet
POST,/api/v1/devices/YIRb1M/access/,45.0 ms,1 pet
PATCH,/api/v1/devices/kP6Uzl/,94.0 ms,1 pet
POST,/api/v1/devices/Z5erNw/access/,45.0 ms,1 pet
PATCH,/api/v1/devices/259cqw/,59.0 ms,1 pet
POST,/api/v1/devices/ok0XFd/access/,47.0 ms,1 pet
PATCH,/api/v1/devices/kT9W8M/,101.0 ms,2 pet
POST,/api/v1/devices/85Cjm5/access/,56.0 ms,2 pet
POST,/api/v1/devices/Exui9e/access/,43.0 ms,1 pet
PATCH,/api/v1/devices/Exui9e/,66.0 ms,1 pet
PATCH,/api/v1/devices/QvLLbQ/,89.0 ms,1 pet
POST,/api/v1/devices/pVGu5T/access/,64.0 ms,1 pet
PATCH,/api/v1/devices/pVGu5T/,99.0 ms,1 pet
POST,/api/v1/devices/m9SBtb/access/,77.0 ms,1 pet
POST,/api/v1/devices/VbBaRp/access/,47.0 ms,1 pet
POST,/api/v1/devices/FhABK9/access/,47.0 ms,1 pet
PATCH,/api/v1/devices/Wpvbod/,84.5 ms,2 pet
POST,/api/v1/devices/DOnNPM/access/,44.0 ms,1 pet
PATCH,/api/v1/devices/hIoW0f/,94.0 ms,1 pet
POST,/api/v1/devices/zTqAm9/access/,47.0 ms,1 pet
POST,/api/v1/devices/cGj6Ds/access/,48.0 ms,1 pet
POST,/api/v1/devices/B8jJtn/access/,49.0 ms,1 pet
POST,/api/v1/devices/b4WsEL/access/,48.0 ms,1 pet
PATCH,/api/v1/devices/4Rxs2q/,92.0 ms,1 pet
POST,/api/v1/devices/4Rxs2q/access/,44.0 ms,1 pet
POST,/api/v1/devices/LCShYR/access/,45.0 ms,1 pet
POST,/api/v1/devices/LkzkNP/access/,79.0 ms,1 pet
PATCH,/api/v1/devices/LkzkNP/,104.0 ms,1 pet
POST,/api/v1/devices/K8uHqv/access/,46.0 ms,1 pet
PATCH,/api/v1/devices/SiZzJq/,69.0 ms,1 pet
POST,/api/v1/devices/6W2C1I/access/,46.0 ms,1 pet
POST,/api/v1/devices/QRq7Jv/access/,48.0 ms,1 pet
POST,/api/v1/devices/ZJzHFN/access/,45.0 ms,1 pet
PATCH,/api/v1/devices/GGYefN/,92.0 ms,1 pet
POST,/api/v1/devices/m2qg8X/access/,49.0 ms,1 pet
PATCH,/api/v1/devices/m2qg8X/,61.0 ms,1 pet
POST,/api/v1/devices/MsHpX0/access/,46.0 ms,1 pet
POST,/api/v1/devices/HXaWhW/access/,70.0 ms,1 pet
PATCH,/api/v1/devices/Wrs6xS/,108.0 ms,1 pet
POST,/api/v1/devices/EjavBF/access/,44.0 ms,1 pet
PATCH,/api/v1/devices/MbcZF7/,91.0 ms,1 pet
POST,/api/v1/devices/1KiV2y/access/,45.0 ms,1 pet
POST,/api/v1/devices/nV9Bz6/access/,47.0 ms,1 pet
POST,/api/v1/devices/GxTIeq/access/,45.0 ms,1 pet
PATCH,/api/v1/devices/6yzk2C/,90.0 ms,1 pet
PATCH,/api/v1/devices/P2WHvQ/,64.0 ms,1 pet
POST,/api/v1/devices/6yzk2C/access/,45.0 ms,1 pet
POST,/api/v1/devices/S9WT6j/access/,58.0 ms,1 pet
PATCH,/api/v1/devices/lmOStX/,81.0 ms,1 pet
PATCH,/api/v1/devices/oCxBZ9/,80.0 ms,1 pet
PATCH,/api/v1/devices/HbC8Dr/,56.0 ms,1 pet
PATCH,/api/v1/devices/H6ytp5/,83.0 ms,2 pet
POST,/api/v1/devices/HbC8Dr/access/,70.0 ms,1 pet
PATCH,/api/v1/devices/N4dDS1/,57.0 ms,1 pet
POST,/api/v1/devices/XfLj4i/access/,46.0 ms,1 pet
PATCH,/api/v1/devices/XfLj4i/,57.0 ms,1 pet
POST,/api/v1/devices/ntsIaa/access/,69.0 ms,1 pet
PATCH,/api/v1/devices/ntsIaa/,114.0 ms,1 pet
POST,/api/v1/devices/n2hcle/access/,46.0 ms,1 pet
PATCH,/api/v1/devices/n2hcle/,97.0 ms,1 pet
PATCH,/api/v1/devices/JKwNpL/,89.0 ms,1 pet
POST,/api/v1/devices/NKDCuA/access/,71.0 ms,1 pet
POST,/api/v1/devices/TlC7Ic/access/,44.0 ms,1 pet
PATCH,/api/v1/devices/0z4VO8/,87.0 ms,2 pet
POST,/api/v1/devices/0z4VO8/access/,44.0 ms,1 pet
POST,/api/v1/devices/23luXf/access/,45.0 ms,1 pet
POST,/api/v1/devices/7QLIfs/access/,51.0 ms,1 pet
PATCH,/api/v1/devices/VXgjAR/,90.0 ms,1 pet
PATCH,/api/v1/devices/zat0W8/,88.0 ms,1 pet
POST,/api/v1/devices/1S4fBe/access/,48.0 ms,1 pet
POST,/api/v1/devices/Bfh4Ak/access/,58.0 ms,1 pet
PATCH,/api/v1/devices/3Ax0Ht/,140.0 ms,1 pet
PATCH,/api/v1/devices/8b8IRY/,81.0 ms,1 pet
PATCH,/api/v1/devices/5z8vko/,57.0 ms,1 pet
PATCH,/api/v1/devices/J7pc7l/,105.0 ms,1 pet
PATCH,/api/v1/devices/5Nc8mj/,78.0 ms,1 pet
POST,/api/v1/devices/eqRArk/access/,70.0 ms,1 pet
PATCH,/api/v1/devices/eqRArk/,114.0 ms,1 pet
PATCH,/api/v1/devices/JO0WaS/,76.0 ms,1 pet
POST,/api/v1/devices/BK3BNv/access/,60.0 ms,1 pet
PATCH,/api/v1/devices/BK3BNv/,89.0 ms,1 pet
POST,/api/v1/devices/1Ppuyh/access/,57.0 ms,1 pet
PATCH,/api/v1/devices/1Ppuyh/,99.33333333333333 ms,3 pet
PATCH,/api/v1/devices/8n8IAh/,225.0 ms,1 pet
POST,/api/v1/devices/pnStDk/access/,59.0 ms,1 pet
PATCH,/api/v1/devices/ldpcnQ/,60.0 ms,1 pet
POST,/api/v1/devices/ZsO3I2/access/,46.0 ms,1 pet
PATCH,/api/v1/devices/H2LUuZ/,87.5 ms,2 pet
PATCH,/api/v1/devices/jgFJtp/,101.0 ms,1 pet
POST,/api/v1/devices/f4p5Hw/access/,51.0 ms,1 pet
POST,/api/v1/devices/links/?retries=1,46.0 ms,1 pet
PATCH,/api/v1/devices/Lu441Y/,77.0 ms,1 pet
POST,/api/v1/devices/HeUcBu/access/,47.0 ms,1 pet
PATCH,/api/v1/devices/1O4EAG/,83.71428571428571 ms,7 pet
POST,/api/v1/devices/3PhGzf/access/,70.0 ms,1 pet
POST,/api/v1/devices/V2JzlD/access/,46.0 ms,1 pet
POST,/api/v1/devices/ICNB31/access/,44.0 ms,1 pet
PATCH,/api/v1/devices/wB1zeB/,89.0 ms,1 pet
PATCH,/api/v1/devices/SnHZAb/,61.0 ms,1 pet
POST,/api/v1/devices/IkbRCW/access/,45.0 ms,1 pet
POST,/api/v1/devices/Ecbx3v/access/,74.0 ms,1 pet
POST,/api/v1/devices/PTpKuE/access/,45.0 ms,1 pet
PATCH,/api/v1/devices/CIIYy3/,84.0 ms,1 pet
POST,/api/v1/devices/CIIYy3/access/,46.0 ms,1 pet
PATCH,/api/v1/devices/AyN92O/,62.0 ms,1 pet
PATCH,/api/v1/devices/bkQz37/,84.0 ms,1 pet
POST,/api/v1/devices/lDps8y/access/,47.0 ms,1 pet
PATCH,/api/v1/devices/5hN4zP/,81.0 ms,1 pet
POST,/api/v1/devices/fa4Ind/access/,45.0 ms,1 pet
POST,/api/v1/devices/jdkSYF/access/,45.0 ms,1 pet
PATCH,/api/v1/devices/5v1dCK/,82.0 ms,1 pet
PATCH,/api/v1/devices/FdMOYL/,83.5 ms,2 pet
PATCH,/api/v1/devices/VmADrz/,98.0 ms,1 pet
PATCH,/api/v1/devices/btfq4i/,116.0 ms,1 pet
PATCH,/api/v1/devices/SihfdL/,58.0 ms,1 pet
PATCH,/api/v1/devices/lA5Fsb/,99.0 ms,1 pet
POST,/api/v1/devices/RnuAKS/access/,50.0 ms,1 pet
PATCH,/api/v1/devices/wSqOjM/,94.0 ms,1 pet
POST,/api/v1/devices/KQk1Ev/access/,47.0 ms,1 pet
PATCH,/api/v1/devices/sOsk1X/,121.0 ms,1 pet
POST,/api/v1/devices/hpIUsH/access/,45.0 ms,1 pet
PATCH,/api/v1/devices/hpIUsH/,133.0 ms,1 pet
POST,/api/v1/devices/7oKidp/access/,47.0 ms,1 pet
PATCH,/api/v1/devices/Klexqk/,91.5 ms,2 pet
PATCH,/api/v1/devices/7oKidp/,57.0 ms,1 pet
POST,/api/v1/devices/IXxdAV/access/,48.0 ms,1 pet
PATCH,/api/v1/devices/IkbRCW/,93.0 ms,1 pet
POST,/api/v1/devices/01MuLL/access/,47.0 ms,1 pet
POST,/api/v1/devices/EfziV7/access/,45.0 ms,1 pet
POST,/api/v1/devices/Zp3lj5/access/,55.0 ms,1 pet
PATCH,/api/v1/devices/Zp3lj5/,97.0 ms,1 pet
PATCH,/api/v1/devices/CMDKaG/,91.0 ms,1 pet
POST,/api/v1/devices/zYE80R/access/,46.0 ms,1 pet
PATCH,/api/v1/devices/nhfbMH/,104.0 ms,1 pet
POST,/api/v1/devices/nhfbMH/access/,43.0 ms,1 pet
PATCH,/api/v1/devices/qvocLX/,121.0 ms,1 pet
POST,/api/v1/devices/8jGcmB/access/,50.0 ms,1 pet
POST,/api/v1/devices/qvocLX/access/,49.0 ms,1 pet
PATCH,/api/v1/devices/oPv3co/,72.0 ms,1 pet
POST,/api/v1/devices/XelRCO/access/,48.0 ms,1 pet
PATCH,/api/v1/devices/uMexQv/,95.0 ms,1 pet
POST,/api/v1/devices/uMexQv/access/,47.0 ms,1 pet
POST,/api/v1/devices/c98d04/access/,44.0 ms,1 pet
POST,/api/v1/devices/ui6HjI/access/,45.0 ms,1 pet
POST,/api/v1/devices/sOmnVX/access/,47.0 ms,1 pet
PATCH,/api/v1/devices/sOmnVX/,56.0 ms,1 pet
PATCH,/api/v1/devices/8ZhlX7/,80.0 ms,1 pet
PATCH,/api/v1/devices/pWw3Qe/,95.0 ms,1 pet
PATCH,/api/v1/devices/p4VRHl/,88.0 ms,1 pet
PATCH,/api/v1/devices/l24L31/,55.0 ms,1 pet
PATCH,/api/v1/devices/9o1V4e/,58.0 ms,1 pet
POST,/api/v1/devices/FGGkBt/access/,52.0 ms,1 pet
POST,/api/v1/devices/RUh1T4/access/,69.0 ms,1 pet
PATCH,/api/v1/devices/RUh1T4/,58.0 ms,1 pet
POST,/api/v1/devices/mtZQul/access/,49.0 ms,1 pet
PATCH,/api/v1/devices/entsBG/,90.0 ms,1 pet
PATCH,/api/v1/devices/w3A3zR/,106.5 ms,4 pet
PATCH,/api/v1/devices/82PW0Z/,60.0 ms,1 pet
POST,/api/v1/devices/P1GrMj/access/,58.0 ms,1 pet
PATCH,/api/v1/devices/P1GrMj/,113.5 ms,2 pet
POST,/api/v1/devices/1DVL8M/access/,47.0 ms,1 pet
PATCH,/api/v1/devices/01MuLL/,78.0 ms,1 pet
POST,/api/v1/devices/y0ShmY/access/,52.0 ms,2 pet
PATCH,/api/v1/devices/y0ShmY/,84.5 ms,2 pet
PATCH,/api/v1/devices/Bso3Lp/,91.0 ms,1 pet
POST,/api/v1/devices/gC1wi9/access/,47.0 ms,1 pet
POST,/api/v1/devices/WZLUPB/access/,69.0 ms,1 pet
PATCH,/api/v1/devices/XLLv51/,93.0 ms,1 pet
PATCH,/api/v1/devices/x78Lf4/,95.66666666666667 ms,3 pet
POST,/api/v1/devices/x78Lf4/access/,50.0 ms,1 pet
POST,/api/v1/devices/JQCF49/access/,73.0 ms,1 pet
POST,/api/v1/devices/vMGJQ3/access/,44.0 ms,1 pet
PATCH,/api/v1/devices/Zr2rxk/,67.0 ms,1 pet
PATCH,/api/v1/devices/8lC3b2/,56.0 ms,1 pet
PATCH,/api/v1/devices/H7t2mt/,87.0 ms,1 pet
PATCH,/api/v1/devices/94U7mo/,57.0 ms,1 pet
PATCH,/api/v1/devices/DmEqGF/,61.0 ms,1 pet
POST,/api/v1/devices/9ESphH/access/,45.0 ms,1 pet
PATCH,/api/v1/devices/9ESphH/,89.0 ms,1 pet
POST,/api/v1/devices/8Z5Xb7/access/,47.0 ms,1 pet
POST,/api/v1/devices/5OUxfg/access/,54.0 ms,1 pet
PATCH,/api/v1/devices/5OUxfg/,56.0 ms,1 pet
POST,/api/v1/devices/me83y2/access/,44.0 ms,1 pet
PATCH,/api/v1/devices/me83y2/,58.0 ms,1 pet
POST,/api/v1/devices/yuCzfz/access/,49.0 ms,1 pet
POST,/api/v1/devices/uOMpII/access/,48.0 ms,1 pet
PATCH,/api/v1/devices/JbbRh1/,113.5 ms,2 pet
POST,/api/v1/devices/V3Ni41/access/,47.0 ms,1 pet
PATCH,/api/v1/devices/gnCDxA/,103.0 ms,1 pet
PATCH,/api/v1/devices/UKmjBp/,96.5 ms,2 pet
POST,/api/v1/devices/ko33VA/access/,71.0 ms,1 pet
PATCH,/api/v1/devices/B23Rqt/,89.0 ms,1 pet
POST,/api/v1/devices/71Scvm/access/,47.0 ms,1 pet
POST,/api/v1/devices/8EOult/access/,47.0 ms,1 pet
POST,/api/v1/devices/ZiDz1o/access/,47.0 ms,1 pet
PATCH,/api/v1/devices/vqAQAN/,62.0 ms,1 pet
POST,/api/v1/devices/7eY1bg/access/,49.0 ms,1 pet
POST,/api/v1/devices/csT4Dw/access/,71.0 ms,1 pet
PATCH,/api/v1/devices/csT4Dw/,82.0 ms,1 pet
PATCH,/api/v1/devices/e6Xd8z/,115.0 ms,1 pet
POST,/api/v1/devices/nZGbjL/access/,45.0 ms,1 pet
PATCH,/api/v1/devices/nZGbjL/,81.0 ms,1 pet
PATCH,/api/v1/devices/njaTHt/,84.0 ms,1 pet
PATCH,/api/v1/devices/B6z2bF/,77.0 ms,2 pet
PATCH,/api/v1/devices/l0jRZ9/,114.0 ms,3 pet
POST,/api/v1/devices/JisH71/access/,45.0 ms,1 pet
PATCH,/api/v1/devices/2VahaH/,86.0 ms,1 pet
POST,/api/v1/devices/FBFrup/access/,49.0 ms,1 pet
PATCH,/api/v1/devices/zSIxob/,66.0 ms,1 pet
PATCH,/api/v1/devices/d0xwgI/,55.0 ms,1 pet
PATCH,/api/v1/devices/d6Vwoa/,63.0 ms,1 pet
PATCH,/api/v1/devices/RCim3B/,92.0 ms,1 pet
POST,/api/v1/devices/HLUNJW/access/,47.0 ms,1 pet
PATCH,/api/v1/devices/f9sbBA/,84.0 ms,1 pet
POST,/api/v1/devices/eF39EY/access/,60.0 ms,1 pet
PATCH,/api/v1/devices/yU8gjD/,83.0 ms,1 pet
PATCH,/api/v1/devices/S1EVRS/,108.0 ms,1 pet
PATCH,/api/v1/devices/eF39EY/,154.0 ms,1 pet
PATCH,/api/v1/devices/feCIfB/,56.0 ms,1 pet
POST,/api/v1/devices/1SC23Z/access/,71.0 ms,1 pet
PATCH,/api/v1/devices/al73DM/,94.5 ms,2 pet
PATCH,/api/v1/devices/I5nw2a/,94.0 ms,1 pet
PATCH,/api/v1/devices/5Gglxk/,57.0 ms,1 pet
POST,/api/v1/devices/zJlD2v/access/,44.0 ms,1 pet
PATCH,/api/v1/devices/zJlD2v/,91.0 ms,1 pet
OPTIONS,/api/v1/devices/CNGVWY/access/,38.0 ms,1 pet
POST,/api/v1/devices/6IrMY4/access/,45.0 ms,1 pet
POST,/api/v1/devices/YEWInu/access/,46.0 ms,1 pet
PATCH,/api/v1/devices/YEWInu/,96.0 ms,1 pet
PATCH,/api/v1/devices/lVAGgl/,90.0 ms,1 pet
POST,/api/v1/devices/1I7n3Z/access/,69.0 ms,1 pet
PATCH,/api/v1/devices/1I7n3Z/,90.0 ms,1 pet
PATCH,/api/v1/devices/QrhStZ/,90.0 ms,1 pet
POST,/api/v1/devices/fGvj6g/access/,63.0 ms,1 pet
PATCH,/api/v1/devices/fGvj6g/,90.75 ms,4 pet
PATCH,/api/v1/devices/3KVv2B/,68.0 ms,1 pet
POST,/api/v1/devices/3fuB0U/access/,47.0 ms,1 pet
PATCH,/api/v1/devices/KhXPuh/,88.0 ms,3 pet
POST,/api/v1/devices/l24L31/access/,49.0 ms,1 pet
PATCH,/api/v1/devices/DWuhvt/,98.0 ms,2 pet
PATCH,/api/v1/devices/hVo4GR/,97.5 ms,2 pet
PATCH,/api/v1/devices/n7r0VB/,81.0 ms,1 pet
POST,/api/v1/devices/RQNSR7/access/,46.0 ms,1 pet
PATCH,/api/v1/devices/MMILx3/,56.0 ms,1 pet
POST,/api/v1/devices/LmZzIx/access/,47.0 ms,1 pet
PATCH,/api/v1/devices/LmZzIx/,55.0 ms,1 pet
POST,/api/v1/devices/lfN79R/access/,69.0 ms,1 pet
POST,/api/v1/devices/gkqlxx/access/,71.0 ms,1 pet
POST,/api/v1/devices/ANFkAC/access/,47.0 ms,1 pet
PATCH,/api/v1/devices/cKhfcM/,62.0 ms,1 pet
POST,/api/v1/devices/VJxoW2/access/,47.0 ms,1 pet
POST,/api/v1/devices/mUIgYj/access/,62.0 ms,1 pet
POST,/api/v1/devices/xyuUeB/access/,46.0 ms,1 pet
PATCH,/api/v1/devices/xyuUeB/,57.0 ms,1 pet
POST,/api/v1/devices/4vVB5M/access/,46.0 ms,1 pet
PATCH,/api/v1/devices/4vVB5M/,82.0 ms,1 pet
POST,/api/v1/devices/n7r0VB/access/,55.0 ms,1 pet
POST,/api/v1/devices/5POpFn/access/,45.0 ms,1 pet
POST,/api/v1/devices/s8nT3Q/access/,49.0 ms,1 pet
POST,/api/v1/devices/pLEYw7/access/,49.0 ms,1 pet
POST,/api/v1/devices/CDLNm7/access/,74.0 ms,1 pet
POST,/api/v1/devices/gU1H6N/access/,48.0 ms,1 pet
POST,/api/v1/devices/81gRu8/access/,49.0 ms,1 pet
POST,/api/v1/devices/KzFsed/access/,45.0 ms,1 pet
PATCH,/api/v1/devices/7uclsT/,117.0 ms,1 pet
POST,/api/v1/devices/7tIGbh/access/,49.0 ms,1 pet
PATCH,/api/v1/devices/KzFsed/,92.0 ms,1 pet
POST,/api/v1/devices/cbOD4I/access/,76.0 ms,1 pet
PATCH,/api/v1/devices/cbOD4I/,89.0 ms,1 pet
PATCH,/api/v1/devices/CTtnxF/,72.0 ms,1 pet
POST,/api/v1/devices/RM1g51/access/,47.0 ms,1 pet
PATCH,/api/v1/devices/RM1g51/,83.0 ms,1 pet
POST,/api/v1/devices/E9mzrF/access/,45.0 ms,1 pet
POST,/api/v1/devices/vdCj5I/access/,43.0 ms,1 pet
POST,/api/v1/devices/BBNZze/access/,46.0 ms,1 pet
PATCH,/api/v1/devices/3QsTpY/,102.5 ms,2 pet
PATCH,/api/v1/devices/uwfXHT/,157.0 ms,3 pet
PATCH,/api/v1/devices/qm2RBt/,101.75 ms,4 pet
PATCH,/api/v1/devices/AVNTAV/,83.0 ms,1 pet
POST,/api/v1/devices/AVNTAV/access/,45.0 ms,1 pet
POST,/api/v1/devices/NyukSr/access/,46.0 ms,1 pet
PATCH,/api/v1/devices/AdLHwD/,90.0 ms,1 pet
POST,/api/v1/devices/sMBXmT/access/,69.0 ms,1 pet
PATCH,/api/v1/devices/sMBXmT/,98.0 ms,1 pet
PATCH,/api/v1/devices/dA2STM/,93.0 ms,1 pet
POST,/api/v1/devices/dA2STM/access/,49.0 ms,1 pet
POST,/api/v1/devices/245VBZ/access/,45.0 ms,1 pet
POST,/api/v1/devices/d2djNo/access/,48.0 ms,1 pet
POST,/api/v1/devices/Ehm2Gb/access/,49.0 ms,1 pet
PATCH,/api/v1/devices/Ehm2Gb/,92.0 ms,1 pet
POST,/api/v1/devices/R5BKsD/access/,51.0 ms,1 pet
PATCH,/api/v1/devices/723qBl/,79.0 ms,1 pet
PATCH,/api/v1/devices/4G3Nmt/,81.0 ms,4 pet
PATCH,/api/v1/devices/Tdcdyj/,90.0 ms,1 pet
POST,/api/v1/devices/XWxD99/access/,51.0 ms,1 pet
POST,/api/v1/devices/YnHVng/access/,45.0 ms,1 pet
PATCH,/api/v1/devices/YnHVng/,111.0 ms,1 pet
POST,/api/v1/devices/3mESnO/access/,53.0 ms,1 pet
POST,/api/v1/devices/x2F7qX/access/,46.0 ms,1 pet
POST,/api/v1/devices/roI0oS/access/,44.0 ms,1 pet
PATCH,/api/v1/devices/roI0oS/,57.0 ms,1 pet
PATCH,/api/v1/devices/isu0HW/,88.0 ms,1 pet
POST,/api/v1/devices/At94CF/access/,45.0 ms,1 pet
PATCH,/api/v1/devices/At94CF/,82.0 ms,1 pet
PATCH,/api/v1/devices/MwIue3/,84.0 ms,1 pet
POST,/api/v1/devices/aXXMrh/access/,49.0 ms,1 pet
PATCH,/api/v1/devices/ieVZIC/,88.0 ms,1 pet
POST,/api/v1/devices/DPcxoV/access/,47.0 ms,1 pet
POST,/api/v1/devices/DunDmk/access/,50.0 ms,1 pet
PATCH,/api/v1/devices/DunDmk/,104.0 ms,1 pet
POST,/api/v1/devices/Iwd7ma/access/,45.0 ms,1 pet
POST,/api/v1/devices/VMUBwB/access/,48.0 ms,1 pet
POST,/api/v1/devices/hUivRJ/access/,51.0 ms,1 pet
PATCH,/api/v1/devices/hUivRJ/,122.0 ms,2 pet
POST,/api/v1/devices/NJN3l8/access/,60.0 ms,1 pet
PATCH,/api/v1/devices/Nnk1mb/,81.0 ms,1 pet
POST,/api/v1/devices/NNQhd6/access/,43.0 ms,1 pet
PATCH,/api/v1/devices/NNQhd6/,99.0 ms,1 pet
PATCH,/api/v1/devices/O0SjWb/,79.0 ms,1 pet
PATCH,/api/v1/devices/8UJSeZ/,128.33333333333334 ms,3 pet
POST,/api/v1/devices/LdQqSZ/access/,46.0 ms,1 pet
PATCH,/api/v1/devices/LdQqSZ/,90.0 ms,1 pet
PATCH,/api/v1/devices/exGxJ3/,63.0 ms,1 pet
PATCH,/api/v1/devices/74rFk7/,104.0 ms,1 pet
PATCH,/api/v1/devices/gb4isX/,57.0 ms,1 pet
POST,/api/v1/devices/PO4jlz/access/,49.0 ms,1 pet
PATCH,/api/v1/devices/PO4jlz/,61.0 ms,1 pet
PATCH,/api/v1/devices/zI89k1/,91.0 ms,1 pet
POST,/api/v1/devices/lFjrId/access/,46.0 ms,1 pet
POST,/api/v1/devices/41PVrq/access/,49.0 ms,1 pet
POST,/api/v1/devices/ssNLDt/access/,48.0 ms,1 pet
POST,/api/v1/devices/AoVuKa/access/,53.0 ms,1 pet
POST,/api/v1/devices/Iq3Lyq/access/,47.0 ms,1 pet
PATCH,/api/v1/devices/p6uhGl/,78.5 ms,2 pet
PATCH,/api/v1/devices/t4o7eM/,68.0 ms,1 pet
PATCH,/api/v1/devices/SHwFv0/,64.0 ms,2 pet
PATCH,/api/v1/devices/GIDPVC/,95.0 ms,1 pet
POST,/api/v1/devices/MFd3Y7/access/,46.0 ms,1 pet
PATCH,/api/v1/devices/MFd3Y7/,102.0 ms,2 pet
POST,/api/v1/devices/9C7wUx/access/,49.0 ms,1 pet
PATCH,/api/v1/devices/9C7wUx/,90.0 ms,1 pet
OPTIONS,/api/v1/devices/lv9jXL/access/,13.0 ms,1 pet
PATCH,/api/v1/devices/SAceWi/,93.0 ms,1 pet
PATCH,/api/v1/devices/cOpesz/,62.0 ms,1 pet
POST,/api/v1/platforms/web/subscriptions/,50.0 ms,1 pet
POST,/api/v1/devices/pb36TF/access/,48.0 ms,1 pet
POST,/api/v1/devices/S5bdKf/access/,48.0 ms,1 pet
PATCH,/api/v1/devices/S5bdKf/,92.5 ms,2 pet
OPTIONS,/api/v1/devices/n4bFDn/access/,36.0 ms,1 pet
POST,/api/v1/devices/RmdDmU/access/,45.0 ms,1 pet
PATCH,/api/v1/devices/l3kL0R/,58.0 ms,1 pet
POST,/api/v1/devices/R7R79p/access/,44.0 ms,1 pet
PATCH,/api/v1/devices/kREpaw/,85.0 ms,1 pet
PATCH,/api/v1/devices/C9x08D/,88.0 ms,1 pet
POST,/api/v1/devices/tKAa8S/access/,69.0 ms,1 pet
PATCH,/api/v1/devices/uYy3Nb/,87.0 ms,1 pet
POST,/api/v1/devices/Yxjf9t/access/,44.0 ms,1 pet
PATCH,/api/v1/devices/303Kj4/,62.0 ms,1 pet
POST,/api/v1/devices/WafqJn/access/,45.0 ms,1 pet
POST,/api/v1/devices/4KYuHA/access/,68.0 ms,1 pet
PATCH,/api/v1/devices/aoaQbC/,107.0 ms,1 pet
PATCH,/api/v1/devices/AykCXs/,57.0 ms,1 pet
POST,/api/v1/devices/gnzheB/access/,163.0 ms,1 pet
PATCH,/api/v1/devices/aQljQ9/,119.0 ms,2 pet
PATCH,/api/v1/devices/V6AAA8/,58.0 ms,1 pet
POST,/api/v1/devices/4MHP4r/access/,47.0 ms,1 pet
POST,/api/v1/devices/OoCC4E/access/,45.0 ms,1 pet
PATCH,/api/v1/devices/hJJlMI/,113.0 ms,3 pet
POST,/api/v1/devices/hJJlMI/access/,51.0 ms,1 pet
PATCH,/api/v1/devices/tKovKs/,64.0 ms,1 pet
PATCH,/api/v1/devices/YtaT9J/,93.0 ms,1 pet
PATCH,/api/v1/devices/5RQUh7/,98.0 ms,2 pet
POST,/api/v1/devices/zxTerp/access/,48.0 ms,1 pet
POST,/api/v1/devices/hFbvKn/access/,47.0 ms,1 pet
PATCH,/api/v1/devices/hFbvKn/,68.0 ms,1 pet
POST,/api/v1/devices/YlSPqz/access/,82.0 ms,1 pet
PATCH,/api/v1/devices/YlSPqz/,106.0 ms,1 pet
PATCH,/api/v1/devices/LWQyTr/,92.0 ms,1 pet
POST,/api/v1/devices/y3snHh/access/,46.0 ms,1 pet
PATCH,/api/v1/devices/ZKvSjJ/,86.0 ms,1 pet
POST,/api/v1/devices/aArhzE/access/,44.0 ms,1 pet
PATCH,/api/v1/devices/LVh3q8/,88.0 ms,1 pet
POST,/api/v1/devices/MteRHR/access/,58.0 ms,1 pet
PATCH,/api/v1/devices/kQrFAx/,75.5 ms,2 pet
PATCH,/api/v1/devices/bkljg5/,105.0 ms,1 pet
POST,/api/v1/devices/txonyW/access/,57.0 ms,1 pet
PATCH,/api/v1/devices/txonyW/,65.0 ms,1 pet
POST,/api/v1/devices/34MRGy/access/,72.0 ms,1 pet
PATCH,/api/v1/devices/34MRGy/,116.0 ms,1 pet
POST,/api/v1/devices/FdeHDL/access/,50.0 ms,1 pet
POST,/api/v1/devices/OcKBnE/access/,42.0 ms,1 pet
PATCH,/api/v1/devices/OcKBnE/,62.0 ms,1 pet
PATCH,/api/v1/devices/HMDDxD/,85.66666666666667 ms,3 pet
PATCH,/api/v1/devices/ozeh4L/,58.0 ms,1 pet
PATCH,/api/v1/devices/FtXSrQ/,93.0 ms,1 pet
PATCH,/api/v1/devices/Rp7zye/,83.0 ms,1 pet
POST,/api/v1/devices/HMDDxD/access/,48.0 ms,1 pet
PATCH,/api/v1/devices/vBzcN4/,81.0 ms,1 pet
POST,/api/v1/devices/vBzcN4/access/,47.0 ms,1 pet
POST,/api/v1/devices/4fEFcm/access/,49.0 ms,1 pet
GET,/messenger/page/10dartsArena/feed/?,597.0 ms,1 pet
PATCH,/api/v1/devices/X0ArO2/,83.0 ms,1 pet
PATCH,/api/v1/devices/cgLZpP/,91.0 ms,1 pet
PATCH,/api/v1/devices/t4UKbu/,57.0 ms,1 pet
POST,/api/v1/devices/0GP0eY/access/,46.0 ms,1 pet
PATCH,/api/v1/devices/rKgSlS/,88.0 ms,1 pet
POST,/api/v1/devices/PWcu4B/access/,46.0 ms,1 pet
POST,/api/v1/devices/nLptSK/access/,61.0 ms,1 pet
POST,/api/v1/devices/ZjkSef/access/,56.0 ms,1 pet
PATCH,/api/v1/devices/VQanYB/,84.0 ms,1 pet
POST,/api/v1/devices/4CPYdj/access/,58.0 ms,1 pet
PATCH,/api/v1/devices/ji2clw/,92.0 ms,1 pet
GET,/app/,28.0 ms,1 pet
GET,/api/v1/users/me/,50.0 ms,1 pet
GET,,/api/v1/metrics/?kind=transactional&use_event_time=false&start_datetime=2018-04-01T22%3A00%3A00&finish_datetime=2018-04-09T13%3A24%3A33&fields=sent_to,,followed_by,,126.0 ms,1 pet
GET,,/api/v1/metrics/?kind=manual&use_event_time=false&start_datetime=2018-04-01T22%3A00%3A00&finish_datetime=2018-04-09T13%3A24%3A33&fields=sent_to,,followed_by,,131.0 ms,1 pet
GET,,/api/v1/metrics/?accumulated=true&fields=personas,,alive_personas,,active_personas&start_datetime=2018-04-01T22%3A00%3A00,,239.5 ms,2 pet
GET,,/api/v1/metrics/?start_datetime=2018-04-01T22%3A00%3A00&finish_datetime=2018-04-09T13%3A24%3A33&fields=sent_to,,followed_by,,749.0 ms,1 pet
GET,/api/v1/notifications/?origin=content&exclude_retries=1,726.0 ms,1 pet
PATCH,/api/v1/devices/2nCszH/,91.0 ms,1 pet
GET,/api/v1/notifications/?exclude_retries=1&origin=content&page=3,401.0 ms,1 pet
POST,/api/v1/devices/B8zANl/access/,48.0 ms,1 pet
GET,/api/v1/notifications/?exclude_retries=1&origin=content&page=7,400.0 ms,1 pet
GET,/api/v1/notifications/?exclude_retries=1&origin=content&page=8,407.0 ms,1 pet
GET,/api/v1/notifications/?exclude_retries=1&origin=content&page=10,386.0 ms,1 pet
GET,/api/v1/notifications/?exclude_retries=1&origin=content&page=12,436.0 ms,1 pet
GET,/api/v1/notifications/?exclude_retries=1&origin=content&page=14,451.0 ms,1 pet
GET,/api/v1/notifications/?exclude_retries=1&origin=content&page=16,390.0 ms,1 pet
GET,/api/v1/notifications/?exclude_retries=1&origin=content&page=18,396.0 ms,1 pet
PATCH,/api/v1/devices/0brpiY/,81.0 ms,1 pet
GET,/api/v1/notifications/?exclude_retries=1&origin=content&page=20,395.0 ms,1 pet
GET,/api/v1/notifications/?exclude_retries=1&origin=content&page=22,388.0 ms,1 pet
GET,/api/v1/notifications/?exclude_retries=1&origin=content&page=24,406.0 ms,1 pet
GET,/api/v1/notifications/?exclude_retries=1&origin=content&page=25,384.0 ms,1 pet
GET,/api/v1/notifications/?exclude_retries=1&origin=content&page=27,142.0 ms,1 pet
POST,/api/v1/devices/vzmlhH/access/,45.0 ms,1 pet
POST,/api/v1/devices/5j9ZHU/access/,48.0 ms,1 pet
PATCH,/api/v1/devices/9GMxhX/,81.0 ms,1 pet
POST,/api/v1/devices/9CKgnJ/access/,79.0 ms,2 pet
PATCH,/api/v1/devices/9CKgnJ/,76.0 ms,2 pet
PATCH,/api/v1/devices/2ZKPkb/,54.0 ms,1 pet
PATCH,/api/v1/devices/Ecfsfk/,91.0 ms,1 pet
PATCH,/api/v1/devices/KPVrhS/,115.0 ms,2 pet
POST,/api/v1/devices/ld6Zsm/access/,53.0 ms,1 pet
POST,/api/v1/devices/r4WM0x/access/,45.0 ms,1 pet
POST,/api/v1/devices/hnZhPd/access/,45.0 ms,1 pet
PATCH,/api/v1/devices/0PksoC/,118.0 ms,1 pet
PATCH,/api/v1/devices/NMIU5j/,57.0 ms,1 pet
POST,/api/v1/devices/yXvHip/access/,76.0 ms,1 pet
POST,/api/v1/devices/ul22IS/access/,64.0 ms,1 pet
GET,,/api/v1/metrics/?kind=automatic&use_event_time=false&start_datetime=2018-04-01T22%3A00%3A00&finish_datetime=2018-04-09T13%3A26%3A39&fields=sent_to,,followed_by,,166.0 ms,1 pet
GET,/api/v1/usage/,243.0 ms,2 pet
PATCH,/api/v1/devices/8E5pWH/,86.0 ms,1 pet
GET,,/api/v1/metrics/?start_datetime=2018-04-01T22%3A00%3A00&finish_datetime=2018-04-09T13%3A26%3A39&fields=sent_to,,followed_by,,435.0 ms,1 pet
GET,/api/v1/metrics/?accumulated=true&fields=active_devices&start_datetime=2018-03-11T23%3A00%3A00&finish_datetime=2018-04-09T13%3A26%3A45&platform=android,358.0 ms,1 pet
GET,/api/v1/metrics/?accumulated=true&fields=active_devices&start_datetime=2018-03-11T23%3A00%3A00&finish_datetime=2018-04-09T13%3A26%3A45&platform=web,356.0 ms,1 pet
GET,,/api/v1/metrics/?accumulated=true&fields=sent_to,,received_by,,followed_by,,skipped,,alive_devices,,active_personas&start_datetime=2018-04-09T13%3A26%3A45,,1743.0 ms,1 pet
GET,,/api/v1/metrics/?fields=sent_to,,followed_by&start_datetime=2018-03-11T23%3A00%3A00&finish_datetime=2018-04-09T13%3A26%3A45&platform=android,,2560.0 ms,1 pet
GET,,/api/v1/metrics/?fields=sent_to,,followed_by&start_datetime=2018-03-11T23%3A00%3A00&finish_datetime=2018-04-09T13%3A26%3A45&platform=web,,2375.0 ms,1 pet
PATCH,/api/v1/devices/8LTjRN/,58.0 ms,1 pet
POST,/api/v1/devices/jqRk52/access/,47.0 ms,1 pet
PATCH,/api/v1/devices/jqRk52/,82.0 ms,1 pet
POST,/api/v1/devices/GA9ZvF/access/,48.0 ms,1 pet
GET,,/api/v1/metrics/?fields=accesses,,devices_accesses&start_datetime=2018-03-11T23%3A00%3A00&finish_datetime=2018-04-09T13%3A26%3A45,,8023.0 ms,1 pet
GET,/api/v1/metrics/?accumulated=true&fields=active_devices&start_datetime=2018-02-01T11%3A00%3A00&finish_datetime=2018-04-09T13%3A26%3A45&platform=ios,657.0 ms,1 pet
GET,/api/v1/metrics/?accumulated=true&fields=active_devices&start_datetime=2018-02-01T11%3A00%3A00&finish_datetime=2018-04-09T13%3A26%3A45&platform=messenger,760.0 ms,1 pet
GET,,/api/v1/metrics/?accumulated=true&fields=personas,,alive_personas,,active_personas&start_datetime=2018-02-01T11%3A00%3A00&finish_datetime=2018-04-09T13%3A26%3A45,,1969.0 ms,1 pet
PATCH,/api/v1/devices/unIo7Z/,107.0 ms,1 pet
